id,rank,club,country,level,elo,start_date,end_date
1,1,Manchester City,ENG,1,2061.38452148,2024-09-15,2024-09-18,30
2,2,Real Madrid,ESP,1,1993.12133789,2024-09-15,2024-09-17,65
3,3,Inter,ITA,1,1960.0324707,2024-09-16,2024-09-18,108
4,4,Arsenal,ENG,1,1955.52624512,2024-09-16,2024-09-19,124
5,5,Leverkusen,GER,1,1924.13647461,2024-09-15,2024-09-19,196
6,6,Bayern,GER,1,1912.66345215,2024-09-15,2024-09-17,43
7,7,Barcelona,ESP,1,1910.20129395,2024-09-16,2024-09-19,7
8,8,Liverpool,ENG,1,1903.07299805,2024-09-16,2024-09-17,138
9,9,PSG,FRA,1,1899.08361816,2024-09-16,2024-09-18,157
10,10,Dortmund,GER,1,1874.06311035,2024-09-14,2024-09-18,148
11,11,Atalanta,ITA,1,1870.21716309,2024-09-16,2024-09-19,161
12,12,RB Leipzig,GER,1,1854.50073242,2024-09-15,2024-09-19,95
13,13,Atletico Madrid,ESP,1,1843.07958984,2024-09-16,2024-09-19,92
14,14,Sporting,POR,1,1838.43493652,2024-09-14,2024-09-17,55
15,15,Juventus,ITA,1,1829.38549805,2024-09-15,2024-09-17,178
16,16,Milan,ITA,1,1821.7545166,2024-09-15,2024-09-17,135
17,17,Chelsea,ENG,1,1821.02319336,2024-09-15,2024-09-21,75
18,18,Newcastle,ENG,1,1814.83508301,2024-09-16,2024-09-21,193
19,19,VfB Stuttgart,GER,1,1799.65710449,2024-09-16,2024-09-17,114
20,20,PSV Eindhoven,NED,1,1799.48242188,2024-09-16,2024-09-17,119
21,21,Roma,ITA,1,1791.71704102,2024-09-16,2024-09-22,173
22,22,Porto,POR,1,1790.24084473,2024-09-16,2024-09-21,89
23,23,Girona,ESP,1,1788.75061035,2024-09-16,2024-09-18,93
24,24,Tottenham,ENG,1,1785.37719727,2024-09-16,2024-09-21,146
25,25,Napoli,ITA,1,1782.39648438,2024-09-16,2024-09-21,189
26,26,Aston Villa,ENG,1,1782.01721191,2024-09-16,2024-09-17,177
27,27,Lazio,ITA,1,1778.38745117,2024-09-17,2024-09-22,73
28,28,Monaco,FRA,1,1776.67724609,2024-09-17,2024-09-19,175
29,29,Man United,ENG,1,1774.45739746,2024-09-17,2024-09-21,185
30,30,Bologna,ITA,1,1763.86474609,2024-09-15,2024-09-18,22
31,31,Benfica,POR,1,1761.25585938,2024-09-15,2024-09-19,107
32,32,Villarreal,ESP,1,1761.22607422,2024-09-15,2024-09-22,155
33,33,Bilbao,ESP,1,1757.57543945,2024-09-16,2024-09-19,100
34,34,Lille,FRA,1,1756.84716797,2024-09-16,2024-09-17,21
35,35,Marseille,FRA,1,1754.55053711,2024-09-16,2024-09-22,143
36,36,Torino,ITA,1,1749.26184082,2024-09-16,2024-09-20,82
37,37,Slavia Praha,CZE,1,1741.93383789,2024-09-16,2024-09-17,163
38,38,Fiorentina,ITA,1,1741.17541504,2024-09-16,2024-09-22,119
39,39,Feyenoord,NED,1,1740.76501465,2024-09-15,2024-09-19,8
40,40,Sociedad,ESP,1,1739.30444336,2024-09-15,2024-09-17,90
41,41,Brighton,ENG,1,1738.42260742,2024-09-15,2024-09-22,159
42,42,Crystal Palace,ENG,1,1736.98608398,2024-09-15,2024-09-21,188
43,43,West Ham,ENG,1,1730.70703125,2024-09-15,2024-09-21,120
44,44,Sparta Praha,CZE,1,1727.75512695,2024-09-01,2024-09-18,38
45,45,Brentford,ENG,1,1719.36523438,2024-09-15,2024-09-21,196
46,46,Lens,FRA,1,1714.89868164,2024-09-16,2024-09-21,63
47,47,Betis,ESP,1,1714.64855957,2024-09-14,2024-09-18,91
48,48,Fulham,ENG,1,1712.74865723,2024-09-15,2024-09-21,53
49,49,Brugge,BEL,1,1712.46569824,2024-09-15,2024-09-18,78
50,50,Frankfurt,GER,1,1711.2487793,2024-09-15,2024-09-21,12
51,51,Fenerbahce,TUR,1,1708.4128418,2024-09-16,2024-09-26,141
52,52,Galatasaray,TUR,1,1701.88317871,2024-09-15,2024-09-17,44
53,53,Lyon,FRA,1,1697.24963379,2024-09-16,2024-09-22,102
54,54,Bournemouth,ENG,1,1696.28405762,2024-09-16,2024-09-21,167
55,55,Rennes,FRA,1,1693.58959961,2024-09-16,2024-09-21,80
56,56,Freiburg,GER,1,1692.97277832,2024-09-15,2024-09-21,18
57,57,Genoa,ITA,1,1692.15869141,2024-09-16,2024-09-21,176
58,58,Nice,FRA,1,1687.32531738,2024-09-15,2024-09-20,49
59,59,Udinese,ITA,1,1687.29077148,2024-09-17,2024-09-22,173
60,60,Mainz,GER,1,1685.70812988,2024-09-17,2024-09-20,4
61,61,Werder,GER,1,1682.37768555,2024-09-17,2024-09-21,74
62,62,Brest,FRA,1,1680.9029541,2024-09-17,2024-09-19,70
63,63,Salzburg,AUT,1,1673.96435547,2024-09-16,2024-09-18,94
64,64,Hoffenheim,GER,1,1672.75305176,2024-09-15,2024-09-21,169
65,65,Heidenheim,GER,1,1669.9909668,2024-09-16,2024-09-21,130
66,66,Forest,ENG,1,1669.68200684,2024-09-16,2024-09-22,90
67,67,Everton,ENG,1,1668.77331543,2024-09-16,2024-09-21,83
68,68,Sevilla,ESP,1,1666.32275391,2024-09-16,2024-09-20,182
69,69,Zenit,RUS,1,1665.79846191,2024-09-16,2024-10-03,191
70,70,Olympiakos,GRE,1,1665.10327148,2024-09-16,2024-09-26,61
71,71,Celta,ESP,1,1664.91931152,2024-09-16,2024-09-22,143
72,72,Monza,ITA,1,1663.02148438,2024-09-16,2024-09-22,64
73,73,Wolves,ENG,1,1659.29846191,2024-09-17,2024-09-21,48
74,74,Verona,ITA,1,1656.8326416,2024-09-17,2024-09-20,152
75,75,Empoli,ITA,1,1655.79431152,2024-09-16,2024-09-20,82
76,76,Celtic,SCO,1,1655.55981445,2024-09-16,2024-09-18,106
77,77,Union Berlin,GER,1,1655.5369873,2024-09-16,2024-09-21,71
78,78,Gladbach,GER,1,1653.14624023,2024-09-17,2024-09-21,154
79,79,Alaves,ESP,1,1652.44567871,2024-09-17,2024-09-20,46
80,80,Wolfsburg,GER,1,1651.68676758,2024-09-17,2024-09-22,16
81,81,St Gillis,BEL,1,1645.73461914,2024-09-17,2024-09-20,79
82,82,Reims,FRA,1,1645.64868164,2024-09-17,2024-09-21,197
83,83,Anderlecht,BEL,1,1644.79504395,2024-09-17,2024-09-17,10
84,84,Osasuna,ESP,1,1643.95349121,2024-09-17,2024-09-21,20
85,85,Mallorca,ESP,1,1643.48522949,2024-09-16,2024-09-17,86
86,86,Valencia,ESP,1,1643.06896973,2024-09-16,2024-09-21,11
87,87,Braga,POR,1,1641.72668457,2024-09-16,2024-09-20,138
88,88,Toulouse,FRA,1,1641.48852539,2024-09-16,2024-09-22,27
89,89,Leicester,ENG,1,1639.78405762,2024-09-16,2024-09-21,5
90,90,Rayo Vallecano,ESP,1,1628.00012207,2024-09-17,2024-09-22,152
91,91,Getafe,ESP,1,1626.43005371,2024-09-17,2024-09-18,9
92,92,Augsburg,GER,1,1623.85180664,2024-09-17,2024-09-20,59
93,93,Burnley,ENG,2,1623.84301758,2024-09-17,2024-09-21,152
94,94,PAOK,GRE,1,1622.59667969,2024-09-17,2024-09-25,132
95,95,Duesseldorf,GER,2,1622.3326416,2024-09-17,2024-09-21,49
96,96,Gent,BEL,1,1621.84912109,2024-09-17,2024-09-22,35
97,97,FC Kobenhavn,DEN,1,1618.80664062,2024-09-17,2024-09-23,131
98,98,Lecce,ITA,1,1618.17028809,2024-09-17,2024-09-21,129
99,99,Viktoria Plzen,CZE,1,1616.49633789,2024-09-16,2024-09-17,21
100,100,Strasbourg,FRA,1,1613.68164062,2024-09-16,2024-09-21,17
101,0,Montpellier,FRA,1,1612.94299316,2024-09-16,2024-09-22,73
102,0,Guimaraes,POR,1,1611.32666016,2024-09-16,2024-09-21,86
103,0,Ajax,NED,1,1611.02697754,2024-09-16,2024-09-18,68
104,0,Espanyol,ESP,1,1610.81396484,2024-09-15,2024-09-21,178
105,0,Midtjylland,DEN,1,1610.49316406,2024-09-15,2024-09-22,84
106,0,Sturm Graz,AUT,1,1606.32446289,2024-09-01,2024-09-19,17
107,0,Bodoe Glimt,NOR,1,1605.63012695,2024-09-14,2024-09-25,164
108,0,Alkmaar,NED,1,1604.73193359,2024-09-15,2024-09-20,42
109,0,Leeds,ENG,2,1604.30541992,2024-09-15,2024-09-21,121
110,0,Twente,NED,1,1599.29870605,2024-09-15,2024-09-17,73
111,0,Koeln,GER,2,1595.12780762,2024-09-15,2024-09-21,28
112,0,M Tel Aviv,ISR,1,1592.37158203,2024-09-15,2024-09-26,144
113,0,AEK,GRE,1,1592.33886719,2024-09-17,2024-10-03,177
114,0,Cagliari,ITA,1,1591.56970215,2024-09-16,2024-09-20,93
115,0,FC Krasnodar,RUS,1,1589.66516113,2024-09-15,2024-10-03,43
116,0,Valladolid,ESP,1,1586.24291992,2024-09-16,2024-09-21,144
117,0,Rangers,SCO,1,1586.03320312,2024-09-16,2024-09-26,59
118,0,Antwerp,BEL,1,1585.17675781,2024-09-16,2024-09-21,162
119,0,Hamburg,GER,2,1581.51867676,2024-09-16,2024-09-21,161
120,0,Eibar,ESP,2,1581.4765625,2024-09-15,2024-09-22,65
121,0,Bochum,GER,1,1580.57043457,2024-09-15,2024-09-21,185
122,0,Genk,BEL,1,1578.86108398,2024-09-15,2024-09-17,131
123,0,Sassuolo,ITA,2,1578.04382324,2024-09-16,2024-10-03,24
124,0,Shakhtar,UKR,1,1577.45922852,2024-09-15,2024-09-18,128
125,0,Las Palmas,ESP,1,1577.40380859,2024-09-16,2024-09-21,80
126,0,Levante,ESP,2,1576.19909668,2024-09-15,2024-09-21,25
127,0,Southampton,ENG,1,1575.765625,2024-09-15,2024-09-21,81
128,0,Parma,ITA,1,1575.5994873,2024-09-17,2024-09-21,1
129,0,Karabakh Agdam,AZE,0,1575.08300781,2024-08-30,2024-09-26,45
130,0,St Pauli,GER,1,1574.41210938,2024-09-16,2024-09-22,165
131,0,Ipswich,ENG,1,1573.16564941,2024-09-15,2024-09-21,99
132,0,Panathinaikos,GRE,1,1570.515625,2024-09-16,2024-10-03,69
133,0,Dinamo Zagreb,CRO,1,1569.50292969,2024-09-14,2024-09-17,170
134,0,FK Crvena Zvezda,SRB,1,1568.70141602,2024-09-15,2024-09-19,105
135,0,Lok Moskva,RUS,1,1568.13574219,2024-09-15,2024-10-03,112
136,0,Nordsjaelland,DEN,1,1567.90991211,2024-09-17,2024-09-20,115
137,0,Cadiz,ESP,2,1567.79724121,2024-09-16,2024-09-22,111
138,0,Leganes,ESP,1,1567.33410645,2024-09-14,2024-09-19,35
139,0,Nantes,FRA,1,1564.79064941,2024-09-16,2024-09-22,155
140,0,Karlsruhe,GER,2,1564.78613281,2024-09-14,2024-09-22,35
141,0,Maccabi Haifa,ISR,1,1562.46484375,2024-09-15,2024-10-03,157
142,0,Frosinone,ITA,2,1560.60400391,2024-09-15,2024-10-03,49
143,0,Lorient,FRA,2,1559.63256836,2024-09-14,2024-09-21,75
144,0,West Brom,ENG,2,1557.09277344,2024-09-16,2024-09-21,151
145,0,Holstein,GER,1,1555.62963867,2024-09-15,2024-09-21,158
146,0,Venezia,ITA,1,1555.34753418,2024-09-15,2024-09-21,79
147,0,Dynamo Kyiv,UKR,1,1554.67529297,2024-09-15,2024-09-25,113
148,0,CSKA Moskva,RUS,1,1553.15441895,2024-09-15,2024-10-03,13
149,0,Le Havre,FRA,1,1553.14868164,2024-09-16,2024-09-22,181
150,0,Young Boys,SUI,1,1552.8840332,2024-09-01,2024-09-17,124
151,0,Brondby,DEN,1,1550.63244629,2024-09-16,2024-09-22,179
152,0,Spartak Moskva,RUS,1,1550.04553223,2024-09-01,2024-10-03,82
153,0,Oviedo,ESP,2,1547.36938477,2024-09-16,2024-09-21,27
154,0,Santander,ESP,2,1546.6060791,2024-09-15,2024-09-22,100
155,0,Cremonese,ITA,2,1545.89758301,2024-09-15,2024-10-03,18
156,0,Metz,FRA,2,1544.5760498,2024-09-15,2024-09-21,23
157,0,Como,ITA,1,1543.01867676,2024-09-15,2024-09-23,112
158,0,Sheffield United,ENG,2,1542.6184082,2024-09-14,2024-09-21,127
159,0,Auxerre,FRA,1,1541.5456543,2024-09-15,2024-09-22,22
160,0,Malmoe,SWE,1,1539.75048828,2024-09-16,2024-09-18,191
161,0,Dynamo Moskva,RUS,1,1538.9798584,2024-09-16,2024-10-03,22
162,0,Bueyueksehir,TUR,1,1537.68859863,2024-09-02,2024-09-18,94
163,0,Utrecht,NED,1,1533.5123291,2024-09-16,2024-09-21,149
164,0,Almeria,ESP,2,1533.46765137,2024-09-17,2024-09-22,101
165,0,Luton,ENG,2,1533.19250488,2024-09-15,2024-09-21,58
166,0,Molde,NOR,1,1532.20410156,2024-09-15,2024-09-18,121
167,0,Aarhus,DEN,1,1529.05297852,2024-09-16,2024-09-22,192
168,0,Middlesbrough,ENG,2,1528.55554199,2024-09-15,2024-09-21,14
169,0,Paderborn,GER,2,1523.63439941,2024-09-14,2024-09-20,102
170,0,Cercle Brugge,BEL,1,1522.84960938,2024-09-15,2024-09-22,35
171,0,Zaragoza,ESP,2,1521.95959473,2024-09-16,2024-09-21,75
172,0,Hertha,GER,2,1520.29675293,2024-09-16,2024-09-21,15
173,0,Besiktas,TUR,1,1520.10205078,2024-09-16,2024-09-22,56
174,0,Granada,ESP,2,1519.73449707,2024-09-16,2024-09-20,79
175,0,Hannover,GER,2,1518.43066406,2024-09-15,2024-09-20,136
176,0,Famalicao,POR,1,1517.80163574,2024-09-15,2024-09-21,60
177,0,Elfsborg,SWE,1,1517.18786621,2024-09-16,2024-09-19,151
178,0,Clermont,FRA,2,1516.05065918,2024-09-14,2024-09-20,132
179,0,Mechelen,BEL,1,1513.34936523,2024-09-16,2024-09-22,69
180,0,Huesca,ESP,2,1510.37060547,2024-09-15,2024-10-03,76
181,0,Salernitana,ITA,2,1508.6763916,2024-09-16,2024-10-03,3
182,0,Nijmegen,NED,1,1506.79174805,2024-09-15,2024-09-21,37
183,0,Razgrad,BUL,1,1505.45605469,2024-09-16,2024-09-18,141
184,0,Saint-Etienne,FRA,1,1504.13769531,2024-09-14,2024-09-20,112
185,0,Gijon,ESP,2,1502.97314453,2024-09-15,2024-09-22,164
186,0,Rapid Wien,AUT,1,1502.53210449,2024-09-15,2024-09-22,83
187,0,Norwich,ENG,2,1498.4140625,2024-09-15,2024-09-21,130
188,0,Moreirense,POR,1,1496.28881836,2024-09-15,2024-09-21,2
189,0,Sparta Rotterdam,NED,1,1495.61743164,2024-09-16,2024-09-21,64
190,0,Burgos,ESP,2,1495.48254395,2024-09-16,2024-09-21,26
191,0,Fuerth,GER,2,1493.52185059,2024-09-16,2024-09-21,58
192,0,Spezia,ITA,2,1492.9621582,2024-09-15,2024-10-03,83
193,0,Lech,POL,1,1492.84338379,2024-09-15,2024-10-03,92
194,0,Trabzonspor,TUR,1,1492.72509766,2024-09-16,2024-09-19,148
195,0,Paris FC,FRA,2,1492.20043945,2024-09-15,2024-09-20,192
196,0,Leuven,BEL,1,1491.32092285,2024-09-16,2024-09-22,141
197,0,Charleroi,BEL,1,1491.2512207,2024-09-16,2024-10-03,111
198,0,Legia,POL,1,1489.84741211,2024-09-16,2024-09-20,23
199,0,Arouca,POR,1,1488.60253906,2024-09-14,2024-09-22,76
200,0,Coventry,ENG,2,1485.38061523,2024-09-15,2024-09-21,172
201,0,Watford,ENG,2,1483.89733887,2024-09-15,2024-09-21,47
202,0,StGallen,SUI,1,1483.2623291,2024-09-02,2024-09-21,120
203,0,Rostov,RUS,1,1482.99987793,2024-09-15,2024-10-03,31
204,0,Schalke,GER,2,1482.60839844,2024-09-14,2024-09-20,28
205,0,Albacete,ESP,2,1482.08532715,2024-09-16,2024-09-21,127
206,0,Rio Ave,POR,1,1480.76245117,2024-09-15,2024-09-21,81
207,0,Swansea,ENG,2,1480.4864502,2024-09-15,2024-09-21,143
208,0,Blackburn,ENG,2,1480.48266602,2024-09-15,2024-09-22,101
209,0,Elche,ESP,2,1480.43029785,2024-09-16,2024-09-22,36
210,0,Sampdoria,ITA,2,1478.25805664,2024-09-16,2024-10-03,159
211,0,Mirandes,ESP,2,1478.03186035,2024-09-16,2024-09-22,95
212,0,Ferencvaros,HUN,1,1476.7076416,2024-09-02,2024-09-25,135
213,0,Servette,SUI,1,1476.48266602,2024-09-02,2024-09-21,50
214,0,Tenerife,ESP,2,1474.53881836,2024-09-15,2024-09-22,10
215,0,Sunderland,ENG,2,1474.08837891,2024-09-15,2024-09-21,95
216,0,Hull,ENG,2,1473.72766113,2024-09-14,2024-09-20,62
217,0,Pisa,ITA,2,1473.66064453,2024-09-16,2024-10-03,58
218,0,Zuerich,SUI,1,1472.33178711,2024-09-02,2024-09-21,119
219,0,Banik Ostrava,CZE,1,1471.83496094,2024-09-02,2024-09-21,200
220,0,Palermo,ITA,2,1471.32714844,2024-09-15,2024-10-03,111
221,0,Lugano,SUI,1,1470.77502441,2024-09-02,2024-09-18,43
222,0,Rakow,POL,1,1468.4654541,2024-09-16,2024-10-03,20
223,0,Angers,FRA,1,1467.24316406,2024-09-16,2024-09-22,150
224,0,Westerlo,BEL,1,1466.60510254,2024-09-15,2024-09-21,134
225,0,Catanzaro,ITA,2,1464.40209961,2024-09-15,2024-10-03,180
226,0,Brescia,ITA,2,1463.60913086,2024-09-15,2024-10-03,133
227,0,Magdeburg,GER,2,1463.16955566,2024-09-15,2024-09-22,8
228,0,Mlada Boleslav,CZE,1,1463.11853027,2024-09-02,2024-09-17,48
229,0,Suedtirol,ITA,2,1461.90478516,2024-09-16,2024-10-03,84
230,0,Gil Vicente,POR,1,1461.59692383,2024-09-15,2024-09-22,147
231,0,Omonia,CYP,0,1459.69116211,2024-08-30,2024-10-03,114
232,0,St Truiden,BEL,1,1459.2598877,2024-09-16,2024-09-21,74
233,0,Silkeborg,DEN,1,1458.99267578,2024-09-16,2024-09-22,76
234,0,Cosenza,ITA,2,1458.88903809,2024-09-16,2024-10-03,116
235,0,Hammarby,SWE,1,1458.73376465,2024-09-17,2024-09-22,166
236,0,Darmstadt,GER,2,1456.9744873,2024-09-15,2024-09-20,38
237,0,Djurgarden,SWE,1,1456.39892578,2024-09-16,2024-09-19,11
238,0,Viking,NOR,1,1455.5736084,2024-09-15,2024-10-03,138
239,0,Cartagena,ESP,2,1454.80639648,2024-09-16,2024-09-22,3
240,0,Brann,NOR,1,1454.77661133,2024-09-16,2024-09-18,197
241,0,Millwall,ENG,2,1454.77429199,2024-09-15,2024-09-21,136
242,0,Basel,SUI,1,1454.4810791,2024-09-01,2024-09-21,12
243,0,Hajduk,CRO,1,1452.6784668,2024-09-14,2024-10-03,121
244,0,QPR,ENG,2,1452.57531738,2024-09-15,2024-09-21,119
245,0,Standard,BEL,1,1451.76672363,2024-09-14,2024-09-20,64
246,0,Pogon,POL,1,1451.4263916,2024-09-15,2024-09-20,189
247,0,Bristol City,ENG,2,1451.4140625,2024-09-15,2024-09-21,147
248,0,Stoke,ENG,2,1450.04284668,2024-09-15,2024-09-20,101
249,0,Slovacko,CZE,1,1449.75854492,2024-09-01,2024-09-21,73
250,0,LASK,AUT,1,1449.5213623,2024-09-15,2024-09-21,3
251,0,Castellon,ESP,2,1449.26586914,2024-09-17,2024-09-22,33
252,0,Austria Wien,AUT,1,1448.62976074,2024-09-02,2024-09-22,123
253,0,Paphos,CYP,0,1448.09814453,2024-08-30,2024-10-03,27
254,0,Aris,GRE,1,1447.56201172,2024-09-16,2024-10-03,54
255,0,Slovan Bratislava,SLK,0,1445.83728027,2024-08-30,2024-09-18,172
256,0,Ferrol,ESP,2,1444.03503418,2024-09-16,2024-09-21,135
257,0,Eldense,ESP,2,1443.43884277,2024-09-15,2024-09-21,192
258,0,Go Ahead Eagles,NED,1,1442.84802246,2024-09-16,2024-09-21,169
259,0,Guingamp,FRA,2,1441.48144531,2024-09-14,2024-09-20,126
260,0,Malaga,ESP,2,1441.20080566,2024-09-15,2024-09-20,150
261,0,Bari,ITA,2,1439.31445312,2024-09-15,2024-10-03,116
262,0,Randers,DEN,1,1437.86499023,2024-09-17,2024-09-22,165
263,0,Casa Pia,POR,1,1437.57092285,2024-09-15,2024-09-22,68
264,0,Bastia,FRA,2,1437.27246094,2024-09-14,2024-09-20,142
265,0,Lautern,GER,2,1436.97387695,2024-09-15,2024-09-21,189
266,0,Juve Stabia,ITA,2,1434.68859863,2024-09-15,2024-10-03,127
267,0,CFR Cluj,ROM,1,1434.34692383,2024-09-16,2024-09-21,175
268,0,Larnaca,CYP,0,1433.34973145,2024-08-30,2024-10-03,114
269,0,Sivasspor,TUR,1,1432.76867676,2024-09-15,2024-09-21,139
270,0,Cittadella,ITA,2,1431.97290039,2024-09-15,2024-10-03,126
271,0,Viborg,DEN,1,1430.5949707,2024-09-16,2024-09-20,62
272,0,Modena,ITA,2,1428.0793457,2024-09-14,2024-10-03,15
273,0,Kryliya Sovetov,RUS,1,1427.79248047,2024-09-14,2024-10-03,113
274,0,Cesena,ITA,2,1427.34484863,2024-09-14,2024-10-03,72
275,0,Preston,ENG,2,1427.05651855,2024-09-15,2024-09-22,4
276,0,Hradec Kralove,CZE,1,1426.58630371,2024-09-01,2024-09-21,149
277,0,Sheffield Weds,ENG,2,1426.4420166,2024-09-15,2024-09-21,194
278,0,Steaua,ROM,1,1426.20019531,2024-09-16,2024-09-21,189
279,0,Wolfsberg,AUT,1,1424.80603027,2024-09-15,2024-09-22,172
280,0,Alanyaspor,TUR,1,1424.73059082,2024-09-16,2024-09-22,3
281,0,Piast Gliwice,POL,1,1424.42407227,2024-09-16,2024-10-03,168
282,0,Rijeka,CRO,1,1424.07751465,2024-09-15,2024-10-03,126
283,0,Santa Clara,POR,1,1423.60327148,2024-09-15,2024-09-21,78
284,0,Pau,FRA,2,1423.59069824,2024-09-14,2024-09-20,101
285,0,Olimpija Ljubljana,SVN,1,1422.25952148,2024-09-15,2024-10-03,172
286,0,Beer-Sheva,ISR,1,1421.9855957,2024-09-15,2024-10-03,5
287,0,Haecken,SWE,1,1421.46960449,2024-09-16,2024-09-19,114
288,0,Mantova,ITA,2,1421.45922852,2024-09-15,2024-10-03,8
289,0,Konyaspor,TUR,1,1421.17810059,2024-09-15,2024-09-21,107
290,0,Kasimpasa,TUR,1,1420.96838379,2024-09-16,2024-09-22,116
291,0,Elversberg,GER,2,1420.89599609,2024-09-16,2024-09-22,161
292,0,Jablonec,CZE,1,1418.29003906,2024-09-01,2024-09-21,77
293,0,Caen,FRA,2,1417.94274902,2024-09-17,2024-09-20,44
294,0,Cordoba,ESP,2,1416.8605957,2024-09-14,2024-10-03,131
295,0,Jagiellonia,POL,1,1416.81652832,2024-09-15,2024-09-21,78
296,0,Amiens,FRA,2,1416.64245605,2024-09-14,2024-09-20,117
297,0,Terek Grozny,RUS,1,1416.38000488,2024-09-16,2024-10-03,139
298,0,Annecy,FRA,2,1415.01025391,2024-09-14,2024-09-20,188
299,0,Reggiana,ITA,2,1414.97668457,2024-09-16,2024-10-03,189
300,0,Rosenborg,NOR,1,1414.16467285,2024-09-16,2024-10-03,129
301,0,Rodez,FRA,2,1413.49523926,2024-09-14,2024-09-20,53
302,0,Sigma Olomouc,CZE,1,1412.94189453,2024-09-02,2024-09-17,68
303,0,Heerenveen,NED,1,1412.90332031,2024-09-15,2024-09-17,110
304,0,Orenburg,RUS,1,1412.66784668,2024-09-15,2024-10-03,163
305,0,Nuernberg,GER,2,1412.57641602,2024-09-15,2024-09-21,61
306,0,Depor,ESP,2,1412.06774902,2024-09-14,2024-09-21,163
307,0,Luzern,SUI,1,1411.33422852,2024-09-02,2024-09-21,194
308,0,Boavista,POR,1,1411.04394531,2024-09-17,2024-10-03,172
309,0,Slask,POL,1,1410.88977051,2024-09-02,2024-10-03,39
310,0,APOEL,CYP,0,1410.59008789,2024-08-30,2024-10-03,192
311,0,Slovan Liberec,CZE,1,1410.32983398,2024-09-02,2024-10-03,87
312,0,Oxford,ENG,2,1407.32409668,2024-09-15,2024-09-21,193
313,0,Derby,ENG,2,1405.18664551,2024-09-15,2024-09-21,41
314,0,Cracovia,POL,1,1405.13964844,2024-09-15,2024-09-21,124
315,0,Carrarese,ITA,2,1404.88464355,2024-09-16,2024-10-03,39
316,0,Plymouth,ENG,2,1404.27624512,2024-09-15,2024-09-21,83
317,0,Rubin Kazan,RUS,1,1403.11157227,2024-09-14,2024-10-03,4
318,0,Estoril,POR,1,1402.07849121,2024-09-16,2024-09-21,169
319,0,Sochi,RUS,1,1399.95446777,2024-05-26,2024-10-03,27
320,0,Puskas Akademia,HUN,1,1398.51757812,2024-09-02,2024-10-03,117
321,0,Farense,POR,1,1397.12475586,2024-09-16,2024-09-22,179
322,0,Hartberg,AUT,1,1397.08276367,2024-09-01,2024-09-21,77
323,0,Mjaellby,SWE,1,1396.47814941,2024-09-16,2024-09-21,101
324,0,Grenoble,FRA,2,1396.12878418,2024-09-17,2024-09-20,166
325,0,Zwolle,NED,1,1395.77832031,2024-09-15,2024-09-20,30
326,0,Levski,BUL,1,1395.2689209,2024-09-16,2024-10-03,186
327,0,Craiova,ROM,1,1395.25476074,2024-09-16,2024-09-22,187
328,0,Klagenfurt,AUT,1,1394.90063477,2024-09-01,2024-09-21,120
329,0,Antalyaspor,TUR,1,1394.86804199,2024-09-17,2024-09-22,99
330,0,AIK,SWE,1,1394.67834473,2024-09-16,2024-09-21,24
331,0,Sittard,NED,1,1394.15344238,2024-09-15,2024-09-18,16
332,0,Tromso,NOR,1,1393.51708984,2024-09-16,2024-10-03,176
333,0,Sverdlovsk,RUS,1,1391.29382324,2024-05-26,2024-10-03,189
334,0,IK Sirius,SWE,1,1390.31311035,2024-09-16,2024-10-03,137
335,0,Nacional,POR,1,1388.70007324,2024-09-16,2024-09-20,175
336,0,Adana Demirspor,TUR,1,1388.39355469,2024-09-17,2024-09-22,26
337,0,Troyes,FRA,2,1388.38220215,2024-09-14,2024-09-20,109
338,0,Ajaccio,FRA,2,1388.0045166,2024-09-14,2024-09-20,72
339,0,AVS Futebol,POR,1,1387.93994141,2024-09-15,2024-09-22,123
340,0,Trnava,SLK,0,1387.64477539,2024-08-30,2024-10-03,56
341,0,Gornik,POL,1,1384.74060059,2024-09-14,2024-10-03,65
342,0,Estrela Amadora,POR,1,1384.44372559,2024-09-17,2024-09-21,199
343,0,Maribor,SVN,1,1384.27856445,2024-09-16,2024-09-18,10
344,0,Ruzomberok,SLK,0,1381.64648438,2024-08-30,2024-10-03,21
345,0,Dender,BEL,1,1379.92321777,2024-09-14,2024-10-03,18
346,0,Portsmouth,ENG,2,1378.01342773,2024-09-16,2024-09-21,15
347,0,Fakel Voronezh,RUS,1,1377.58691406,2024-09-15,2024-10-03,106
348,0,Cardiff,ENG,2,1377.47839355,2024-09-15,2024-09-21,96
349,0,Sheriff Tiraspol,MOL,0,1377.32055664,2024-08-30,2024-10-03,83
350,0,Muenster,GER,2,1377.03601074,2024-09-14,2024-09-22,0
351,0,Braunschweig,GER,2,1376.59570312,2024-09-15,2024-09-21,169
352,0,Bohemians Praha,CZE,1,1375.40917969,2024-09-01,2024-10-03,178
353,0,Hearts,SCO,1,1374.88208008,2024-09-15,2024-09-21,47
354,0,Aberdeen,SCO,1,1373.80554199,2024-09-15,2024-10-03,130
355,0,Baltika,RUS,1,1373.00744629,2024-05-26,2024-10-03,125
356,0,Ulm,GER,2,1371.88513184,2024-09-15,2024-09-22,94
357,0,Regensburg,GER,2,1370.0847168,2024-09-16,2024-09-22,13
358,0,Cherno More,BUL,1,1368.4017334,2024-09-16,2024-10-03,20
359,0,FK Astana,KAZ,0,1368.34375,2024-08-30,2024-10-03,49
360,0,Laval,FRA,2,1368.07958984,2024-09-14,2024-09-20,112
361,0,Red Star,FRA,2,1366.3449707,2024-09-14,2024-09-20,43
362,0,Osijek,CRO,1,1365.23254395,2024-09-16,2024-10-03,104
363,0,Universitatea Cluj,ROM,1,1365.01831055,2024-09-17,2024-09-22,39
364,0,Pardubice,CZE,1,1364.70605469,2024-09-02,2024-10-03,84
365,0,Hapoel Haifa,ISR,1,1364.68103027,2024-09-15,2024-10-03,127
366,0,Eyupspor,TUR,1,1363.2388916,2024-09-16,2024-09-22,19
367,0,Samsunspor,TUR,1,1362.25817871,2024-09-15,2024-09-18,194
368,0,Dunkerque,FRA,2,1362.25732422,2024-09-14,2024-09-20,152
369,0,Widzew,POL,1,1360.49121094,2024-09-14,2024-10-03,55
370,0,Kayseri,TUR,1,1359.90844727,2024-09-16,2024-09-19,79
371,0,Groningen,NED,1,1359.87243652,2024-09-15,2024-09-22,179
372,0,Kortrijk,BEL,1,1359.45898438,2024-09-15,2024-09-22,85
373,0,Rukh Lviv,UKR,1,1359.44519043,2024-09-16,2024-10-03,75
374,0,Rizespor,TUR,1,1357.22290039,2024-09-15,2024-10-03,103
375,0,Almere,NED,1,1355.3001709,2024-09-16,2024-09-22,143
376,0,Goeztepe,TUR,1,1354.88317871,2024-09-01,2024-10-03,170
377,0,Sarpsborg,NOR,1,1354.49475098,2024-09-16,2024-10-03,171
378,0,Lubin,POL,1,1353.89221191,2024-09-16,2024-10-03,83
379,0,Willem II,NED,1,1353.7520752,2024-09-16,2024-09-21,78
380,0,Martigues,FRA,2,1353.3795166,2024-09-14,2024-09-20,32
381,0,Lyngby,DEN,1,1351.79040527,2024-09-14,2024-09-22,38
382,0,BW Linz,AUT,1,1351.12011719,2024-09-15,2024-09-21,67
383,0,Gaziantep FK,TUR,1,1350.03320312,2024-09-15,2024-09-17,187
384,0,Lausanne,SUI,1,1348.57739258,2024-09-01,2024-09-18,162
385,0,Fredrikstad,NOR,1,1346.3795166,2024-09-15,2024-10-03,164
386,0,Polissya Zhytomyr,UKR,1,1345.34533691,2024-09-16,2024-10-03,178
387,0,Celje,SVN,1,1344.96679688,2024-09-16,2024-09-18,148
388,0,Waalwijk,NED,1,1344.94909668,2024-09-16,2024-09-21,120
389,0,Altach,AUT,1,1343.85046387,2024-09-16,2024-09-21,112
390,0,Teplice,CZE,1,1343.57556152,2024-09-02,2024-09-21,177
391,0,Stromsgodset,NOR,1,1342.81323242,2024-09-16,2024-10-03,178
392,0,Aalborg,DEN,1,1342.52087402,2024-09-14,2024-09-23,192
393,0,Korona,POL,1,1341.86535645,2024-09-16,2024-09-20,154
394,0,Zorya,UKR,1,1341.67932129,2024-09-15,2024-10-03,109
395,0,Sion,SUI,1,1341.11657715,2024-09-01,2024-09-22,71
396,0,Heracles,NED,1,1340.16088867,2024-09-16,2024-09-21,159
397,0,Paksi,HUN,1,1339.1472168,2024-09-02,2024-10-03,28
398,0,Puszcza Niepolomice,POL,1,1338.0880127,2024-09-16,2024-09-21,184
399,0,Grasshoppers,SUI,1,1336.86376953,2024-09-01,2024-09-21,193
400,0,Winterthur,SUI,1,1336.31970215,2024-09-02,2024-09-22,184
401,0,Bnei Sakhinin,ISR,1,1336.02758789,2024-09-15,2024-10-03,75
402,0,Yverdon Sport,SUI,1,1335.20739746,2024-09-01,2024-09-22,34
403,0,SonderjyskE,DEN,1,1334.80175781,2024-09-16,2024-09-22,115
404,0,Zira,AZE,0,1334.62109375,2024-08-30,2024-10-03,90
405,0,Rapid Bucuresti,ROM,1,1334.55895996,2024-09-17,2024-09-23,87
406,0,Ham-Kam,NOR,1,1334.38525391,2024-09-14,2024-10-03,48
407,0,KFUM Oslo,NOR,1,1333.83813477,2024-09-15,2024-09-18,10
408,0,Olexandriya,UKR,1,1331.77612305,2024-09-14,2024-10-03,71
409,0,Partizan,SRB,1,1330.62060547,2024-09-16,2024-10-03,41
410,0,Lok Zagreb,CRO,1,1330.06347656,2024-09-15,2024-10-03,4
411,0,Sepsi,ROM,1,1328.48791504,2024-09-14,2024-09-22,25
412,0,Dunajska,SLK,0,1326.92504883,2024-08-30,2024-10-03,113
413,0,Goeteborg,SWE,1,1326.77856445,2024-09-16,2024-09-23,72
414,0,Viitorul,ROM,1,1326.72253418,2024-09-15,2024-09-22,156
415,0,Lillestrom,NOR,1,1325.67602539,2024-09-16,2024-10-03,48
416,0,Nizhny Novgorod,RUS,1,1324.92443848,2024-09-15,2024-10-03,122
417,0,Bodrum,TUR,1,1324.32531738,2024-09-01,2024-10-03,89
418,0,OFI,GRE,1,1323.99047852,2024-09-16,2024-10-03,159
419,0,Sabah,AZE,0,1323.80029297,2024-08-30,2024-10-03,7
420,0,Vejle,DEN,1,1322.39770508,2024-09-16,2024-09-22,129
421,0,Haugesund,NOR,1,1321.57641602,2024-09-16,2024-10-03,62
422,0,Sandefjord,NOR,1,1321.49316406,2024-09-16,2024-10-03,140
423,0,Beerschot AC,BEL,1,1321.38110352,2024-09-16,2024-09-21,116
424,0,CSKA Sofia,BUL,1,1321.20654297,2024-09-17,2024-10-03,121
425,0,Breda,NED,1,1321.19799805,2024-09-15,2024-09-22,60
426,0,Kilmarnock,SCO,1,1320.07568359,2024-09-15,2024-10-03,20
427,0,Kristiansund,NOR,1,1319.68933105,2024-09-16,2024-09-18,192
428,0,Kryvbas,UKR,1,1319.43920898,2024-09-16,2024-10-03,152
429,0,Stal Mielec,POL,1,1319.22485352,2024-08-31,2024-10-03,154
430,0,Videoton,HUN,1,1316.3782959,2024-08-31,2024-10-03,84
431,0,Odd Grenland,NOR,1,1315.98425293,2024-09-16,2024-10-03,102
432,0,Norrkoeping,SWE,1,1313.35437012,2024-09-17,2024-09-19,56
433,0,Hatayspor,TUR,1,1311.78808594,2024-09-16,2024-10-03,133
434,0,Sumqayit,AZE,0,1311.06750488,2024-08-30,2024-10-03,50
435,0,Hibernian,SCO,1,1310.40734863,2024-09-15,2024-10-03,74
436,0,FC Khimki,RUS,1,1309.97375488,2024-09-01,2024-10-03,59
437,0,Karvina,CZE,1,1309.88305664,2024-09-02,2024-09-21,71
438,0,Hermannstadt,ROM,1,1309.39428711,2024-09-17,2024-09-21,121
439,0,Motherwell,SCO,1,1308.36975098,2024-09-15,2024-10-03,195
440,0,Thun,SUI,1,1308.09362793,2024-08-30,2024-10-03,36
441,0,St Mirren,SCO,1,1306.63098145,2024-09-15,2024-09-21,83
442,0,Kalmar,SWE,1,1304.17810059,2024-09-16,2024-09-21,10
443,0,Varnamo,SWE,1,1303.13256836,2024-09-16,2024-09-22,10
444,0,Maccabi Bnei Raina,ISR,1,1301.94958496,2024-09-15,2024-10-03,70
445,0,Tula,RUS,1,1300.44445801,2024-06-02,2024-10-03,187
446,0,Radomiak,POL,1,1299.5,2024-09-15,2024-09-20,174
447,0,GAK,AUT,1,1298.89172363,2024-09-16,2024-09-21,152
448,0,Debrecen,HUN,1,1298.64648438,2024-09-01,2024-10-03,156
449,0,Motor Lublin,POL,1,1298.43310547,2024-09-14,2024-10-03,58
450,0,Ashdod,ISR,1,1298.03820801,2024-09-15,2024-10-03,17
451,0,Vaduz,LIE,0,1297.90844727,2024-08-30,2024-10-03,100
452,0,Otelul Galati,ROM,1,1297.72277832,2024-09-15,2024-09-20,2
453,0,Atromitos,GRE,1,1296.90197754,2024-09-15,2024-10-03,37
454,0,Katowice,POL,1,1296.84997559,2024-09-14,2024-10-03,71
455,0,Pyunik,ARM,0,1296.70007324,2024-08-30,2024-10-03,111
456,0,Beitar,ISR,1,1296.25073242,2024-09-16,2024-10-03,155
457,0,Brommapojkarna,SWE,1,1295.13781738,2024-09-16,2024-09-21,44
458,0,Hapoel Jerusalem,ISR,1,1291.97937012,2024-09-15,2024-10-03,56
459,0,Varazdin,CRO,1,1291.89526367,2024-09-16,2024-09-20,9
460,0,Panetolikos,GRE,1,1288.53820801,2024-09-16,2024-10-03,136
461,0,Dukla,CZE,1,1288.16369629,2024-09-02,2024-10-03,154
462,0,Wattens,AUT,1,1287.62451172,2024-09-01,2024-09-22,165
463,0,Zrinjski Mostar,BHZ,0,1287.01538086,2024-08-30,2024-10-03,116
464,0,NFC Volos,GRE,1,1285.1159668,2024-09-17,2024-10-03,100
465,0,Lamia,GRE,1,1283.86633301,2024-09-15,2024-10-03,126
466,0,Wisla,POL,0,1283.41772461,2024-08-30,2024-10-03,37
467,0,LNZ,UKR,1,1282.9630127,2024-09-17,2024-10-03,172
468,0,Backa Topola,SRB,1,1282.49902344,2024-09-16,2024-10-03,4
469,0,Lechia,POL,1,1281.17651367,2024-09-15,2024-09-21,22
470,0,Istra 1961,CRO,1,1280.93518066,2024-09-15,2024-09-20,77
471,0,Vorskla,UKR,1,1279.86682129,2024-09-16,2024-10-03,124
472,0,Kuopio,FIN,0,1278.54418945,2024-08-30,2024-10-03,140
473,0,UTA Arad,ROM,1,1278.45275879,2024-09-17,2024-09-23,90
474,0,CSKA 1948 Sofia,BUL,1,1277.7598877,2024-09-16,2024-09-19,122
475,0,FK Riga,LAT,0,1277.51306152,2024-08-30,2024-10-03,15
476,0,Asteras Tripolis,GRE,1,1276.26257324,2024-09-15,2024-10-03,83
477,0,GAIS,SWE,1,1275.91748047,2024-09-15,2024-09-18,194
478,0,Netanya,ISR,1,1274.83312988,2024-09-16,2024-10-03,28
479,0,Kecskemeti,HUN,1,1273.28308105,2024-09-02,2024-10-03,134
480,0,Noah,ARM,0,1273.07470703,2024-08-30,2024-10-03,75
481,0,Zalaegerszegi,HUN,1,1272.60864258,2024-09-01,2024-10-03,102
482,0,Ceske Budejovice,CZE,1,1270.23937988,2024-09-01,2024-10-03,122
483,0,Dundee,SCO,1,1263.18798828,2024-09-15,2024-10-03,125
484,0,Kalithea,GRE,1,1262.57836914,2024-09-15,2024-10-03,189
485,0,Diosgyori,HUN,1,1260.16943359,2024-09-01,2024-10-03,181
486,0,Cukaricki,SRB,1,1259.17785645,2024-09-16,2024-10-03,45
487,0,Lok Plovdiv,BUL,1,1255.67602539,2024-09-14,2024-09-19,89
488,0,Novi Sad,SRB,1,1254.23217773,2024-09-15,2024-10-03,88
489,0,Ujpest,HUN,1,1253.32824707,2024-09-02,2024-10-03,141
490,0,Petrolul Ploiesti,ROM,1,1252.84448242,2024-09-15,2024-09-21,23
491,0,Bravo,SVN,1,1252.390625,2024-09-16,2024-10-03,13
492,0,MTK,HUN,1,1251.83312988,2024-08-31,2024-10-03,5
493,0,HNK Gorica,CRO,1,1251.75866699,2024-09-15,2024-10-03,78
494,0,Koper,SVN,1,1251.7154541,2024-09-16,2024-10-03,161
495,0,Dinamo Bucuresti,ROM,1,1250.33740234,2024-09-14,2024-09-20,66
496,0,Levadeiakos,GRE,1,1249.81591797,2024-09-16,2024-10-03,181
497,0,Panserraikos,GRE,1,1249.8067627,2024-09-16,2024-10-03,92
498,0,M Petach Tikva,ISR,1,1247.00134277,2024-09-17,2024-10-03,147
499,0,Halmstad,SWE,1,1245.73522949,2024-09-16,2024-09-23,161
500,0,RFS,LAT,0,1243.41064453,2024-08-30,2024-09-26,112
501,0,HJK Helsinki,FIN,0,1242.71984863,2024-08-30,2024-10-03,47
502,0,Aktobe,KAZ,0,1242.65649414,2024-08-30,2024-10-03,151
503,0,Dinamo Minsk,BLR,0,1241.52148438,2024-08-30,2024-10-03,66
504,0,Voluntari,ROM,1,1241.15466309,2024-08-30,2024-10-03,118
505,0,Arda,BUL,1,1240.86425781,2024-09-16,2024-10-03,22
506,0,St Patricks,IRL,0,1240.28759766,2024-08-30,2024-10-03,55
507,0,Hapoel Eran Hadera,ISR,1,1240.23901367,2024-09-17,2024-10-03,50
508,0,Kiryat Shmona,ISR,1,1239.97900391,2024-09-15,2024-10-03,115
509,0,Mura,SVN,1,1235.97143555,2024-09-15,2024-10-03,151
510,0,Botev Plovdiv,BUL,1,1234.73657227,2024-09-15,2024-10-03,197
511,0,Ironi Tiberias,ISR,1,1233.93640137,2024-09-15,2024-10-03,48
512,0,Tobol,KAZ,0,1233.5579834,2024-08-30,2024-10-03,77
513,0,Ararat,ARM,0,1232.82678223,2024-08-30,2024-10-03,183
514,0,Dundee United,SCO,1,1230.52368164,2024-09-16,2024-10-03,94
515,0,Shamrock,IRL,0,1228.984375,2024-08-30,2024-10-03,83
516,0,Iasi,ROM,1,1224.20617676,2024-09-16,2024-09-23,175
517,0,Kolos,UKR,1,1223.83776855,2024-09-17,2024-10-03,103
518,0,Drita,KOS,0,1221.44030762,2024-08-30,2024-10-03,162
519,0,Chernomorets,UKR,1,1219.51013184,2024-09-15,2024-10-03,171
520,0,FK Sarajevo,BHZ,0,1219.3026123,2024-08-30,2024-10-03,172
521,0,Ross County,SCO,1,1216.62304688,2024-09-15,2024-09-21,139
522,0,Vikingur,ISL,0,1215.60021973,2024-08-30,2024-10-03,140
523,0,Craiova 1948,ROM,1,1215.38842773,2024-08-30,2024-10-03,120
524,0,Botosani,ROM,1,1215.00671387,2024-09-14,2024-09-20,85
525,0,St Johnstone,SCO,1,1214.99438477,2024-09-15,2024-09-21,74
526,0,Shelbourne,IRL,0,1213.98864746,2024-08-30,2024-10-03,11
527,0,Vaesteras,SWE,1,1211.43395996,2024-09-15,2024-09-22,96
528,0,Ilves Tampere,FIN,0,1209.87768555,2024-08-30,2024-10-03,100
529,0,Banants,ARM,0,1209.2010498,2024-08-30,2024-10-03,103
530,0,Ordabasy,KAZ,0,1208.31958008,2024-08-30,2024-10-03,85
531,0,Zalgiris Vilnius,LIT,0,1206.50427246,2024-08-30,2024-10-03,102
532,0,Veres,UKR,1,1205.97692871,2024-09-16,2024-10-03,165
533,0,Obolon Kyiv,UKR,1,1204.06591797,2024-09-14,2024-10-03,61
534,0,Derry City,IRL,0,1201.98181152,2024-08-30,2024-10-03,154
535,0,Borac Banja Luka,BHZ,0,1200.3013916,2024-08-30,2024-10-03,180
536,0,Slaven Belupo,CRO,1,1199.11535645,2024-09-16,2024-10-03,105
537,0,Petrocub,MOL,0,1198.23059082,2024-08-30,2024-10-03,50
538,0,Nyiregyhaza,HUN,1,1198.17663574,2024-09-02,2024-10-03,174
539,0,Auda,LAT,0,1196.49633789,2024-08-30,2024-10-03,116
540,0,Sibenik,CRO,1,1194.45703125,2024-09-16,2024-10-03,120
541,0,Livyi Bereh,UKR,1,1193.74389648,2024-09-16,2024-10-03,97
542,0,Karpaty,UKR,1,1192.07226562,2024-09-15,2024-10-03,81
543,0,Vaasa,FIN,0,1190.4083252,2024-08-30,2024-10-03,38
544,0,Slavia Sofia,BUL,1,1189.47167969,2024-09-15,2024-09-18,68
545,0,Kragujevac,SRB,1,1189.42504883,2024-09-15,2024-09-18,75
546,0,Ballkani,KOS,0,1185.39013672,2024-08-30,2024-10-03,76
547,0,Breidablik,ISL,0,1185.19641113,2024-08-30,2024-10-03,146
548,0,Unirea Slobozia,ROM,1,1185.09411621,2024-09-14,2024-09-23,45
549,0,Velez Mostar,BHZ,0,1184.85339355,2024-08-30,2024-10-03,2
550,0,Gyoer,HUN,1,1182.88208008,2024-09-01,2024-10-03,47
551,0,Shkendija,MAC,0,1182.44299316,2024-08-16,2024-10-03,12
552,0,Levski Krumovgrad,BUL,1,1181.33972168,2024-09-16,2024-10-03,83
553,0,Saburtalo,GEO,0,1180.82006836,2024-08-16,2024-10-03,50
554,0,Corvinul Hunedoara,ROM,0,1180.09436035,2024-08-30,2024-10-03,31
555,0,Valur,ISL,0,1179.69848633,2024-08-30,2024-10-03,27
556,0,Liepajas,LAT,0,1173.6607666,2024-08-30,2024-10-03,43
557,0,Inhulets,UKR,1,1172.52807617,2024-09-15,2024-10-03,151
558,0,Radomlje,SVN,1,1170.58007812,2024-09-15,2024-10-03,155
559,0,Milsami Orhei,MOL,0,1170.2635498,2024-08-30,2024-10-03,164
560,0,Torpedo Kutaisi,GEO,0,1166.88305664,2024-08-16,2024-10-03,77
561,0,Domzale,SVN,1,1162.60009766,2024-09-16,2024-10-03,72
562,0,Mladost Lucani,SRB,1,1162.16149902,2024-09-15,2024-10-03,132
563,0,Klaksvik,FAR,0,1160.50170898,2024-08-30,2024-10-03,87
564,0,Partizani Tirana,ALB,0,1157.3190918,2024-08-02,2024-10-03,112
565,0,Zimbru,MOL,0,1156.41064453,2024-08-30,2024-10-03,42
566,0,Gloria Buzau,ROM,1,1155.3963623,2024-09-15,2024-09-20,126
567,0,Mioveni,ROM,1,1153.60180664,2024-08-30,2024-10-03,19
568,0,Stjarnan,ISL,0,1149.12792969,2024-08-30,2024-10-03,132
569,0,Batumi,GEO,0,1147.73242188,2024-08-16,2024-10-03,195
570,0,Flora Tallinn,EST,0,1142.53259277,2024-08-16,2024-10-03,128
571,0,Spartak Varna,BUL,1,1140.5222168,2024-09-14,2024-10-03,46
572,0,Egnatia,ALB,0,1135.96179199,2024-08-02,2024-10-03,108
573,0,Primorje,SVN,1,1131.73583984,2024-09-15,2024-10-03,127
574,0,Panevezys,LIT,0,1127.95983887,2024-08-30,2024-10-03,47
575,0,Neman Grodno,BLR,0,1126.6940918,2024-08-30,2024-10-03,146
576,0,The New Saints,WAL,0,1125.82165527,2024-08-30,2024-10-03,197
577,0,Lok Sofia,BUL,1,1124.88305664,2024-09-17,2024-10-03,188
578,0,TransINVEST,LIT,0,1124.68078613,2024-08-30,2024-10-03,178
579,0,Novi Pazar,SRB,1,1120.23620605,2024-09-16,2024-10-03,116
580,0,Beroe Stara Zagora,BUL,1,1119.03295898,2024-09-15,2024-10-03,200
581,0,Isloch,BLR,0,1118.73779297,2024-08-30,2024-10-03,153
582,0,Vllaznia,ALB,0,1118.453125,2024-08-02,2024-10-03,168
583,0,Zlatibor,SRB,1,1116.01928711,2024-09-14,2024-10-03,169
584,0,Tirana,ALB,0,1115.26647949,2024-08-02,2024-10-03,40
585,0,Dinamo Tbilisi,GEO,0,1111.65979004,2024-08-16,2024-10-03,84
586,0,Mornar,MNT,0,1108.85876465,2024-08-14,2024-10-03,153
587,0,Siauliai,LIT,0,1105.89465332,2024-08-30,2024-10-03,86
588,0,Decic,MAC,0,1104.81652832,2024-08-16,2024-10-03,102
589,0,Nafta,SVN,1,1102.92224121,2024-09-16,2024-10-03,84
590,0,Nis,SRB,1,1102.80737305,2024-09-17,2024-10-03,143
591,0,Linfield,NIR,0,1101.86877441,2024-08-30,2024-10-03,200
592,0,Zeleznicar Pancevo,SRB,1,1100.05541992,2024-09-15,2024-10-03,16
593,0,Hamrun,MLT,0,1098.69104004,2024-08-02,2024-10-03,186
594,0,Struga,MAC,0,1091.16296387,2024-08-16,2024-10-03,1
595,0,Tikves,MAC,0,1090.02709961,2024-08-16,2024-10-03,83
596,0,Torpedo Zhodino,BLR,0,1086.06188965,2024-08-30,2024-10-03,41
597,0,Niedercorn,LUX,0,1085.1081543,2024-08-02,2024-10-03,7
598,0,Vozdovac Beograd,SRB,1,1084.83410645,2024-08-30,2024-10-03,159
599,0,IMT,SRB,1,1084.56713867,2024-09-14,2024-09-18,181
600,0,OFK,SRB,1,1084.09594727,2024-09-16,2024-10-03,92
601,0,Hebar,BUL,1,1082.56921387,2024-09-14,2024-09-20,70
602,0,Botev Vratsa,BUL,1,1081.8059082,2024-09-14,2024-10-03,190
603,0,Dudelange,LUX,0,1081.29333496,2024-08-02,2024-10-03,189
604,0,Llapi,KOS,0,1076.71936035,2024-08-30,2024-10-03,196
605,0,Krusevac,SRB,1,1075.29492188,2024-09-15,2024-10-03,70
606,0,Paide Linnameeskond,EST,0,1074.55932617,2024-08-16,2024-10-03,175
607,0,Crusaders,NIR,0,1073.66223145,2024-08-30,2024-10-03,81
608,0,B 36 Torshavn,FAR,0,1067.51220703,2024-08-30,2024-10-03,153
609,0,Una Strassen,LUX,0,1066.47937012,2024-08-02,2024-10-03,159
610,0,Differdang,LUX,0,1065.93029785,2024-08-02,2024-10-03,101
611,0,Malisheva,KOS,0,1062.00109863,2024-08-30,2024-10-03,120
612,0,Gota,FAR,0,1061.46972656,2024-08-30,2024-10-03,192
613,0,Ivanjica,SRB,1,1055.62402344,2024-08-30,2024-10-03,180
614,0,Floriana,MLT,0,1053.78515625,2024-08-02,2024-10-03,108
615,0,HB Torshavn,FAR,0,1052.27929688,2024-08-30,2024-10-03,132
616,0,Larne,NIR,0,1051.57678223,2024-08-30,2024-10-03,84
617,0,Septemvri Sofia,BUL,1,1050.7244873,2024-09-15,2024-09-20,170
618,0,Cliftonville,NIR,0,1049.29406738,2024-08-30,2024-10-03,148
619,0,Marsaxlokk,MLT,0,1047.99804688,2024-08-02,2024-10-03,87
620,0,FC Infonet,EST,0,1047.44018555,2024-08-16,2024-10-03,29
621,0,Tekstilac Odzaci,SRB,1,1046.34008789,2024-09-16,2024-10-03,27
622,0,Kalev,EST,0,1044.21179199,2024-08-16,2024-10-03,2
623,0,Sliema Wanderers,MLT,0,1039.86315918,2024-08-02,2024-10-03,44
624,0,Podgorica,MNT,0,1026.43237305,2024-08-14,2024-10-03,73
625,0,Indija,SRB,1,1022.43994141,2024-08-30,2024-10-03,140
626,0,Caernarfon Town,WAL,0,1006.23669434,2024-08-30,2024-10-03,63
627,0,Bala,WAL,0,995.398925781,2024-08-30,2024-10-03,94
628,0,Connahs Quay,WAL,0,994.74621582,2024-08-30,2024-10-03,119
629,0,Radnik Surdulica,SRB,1,992.010986328,2024-08-30,2024-10-03,1
630,0,Jedinstvo Ub,SRB,1,991.098571777,2024-09-17,2024-10-03,64
631,0,Escaldes,AND,0,965.379699707,2024-08-30,2024-10-03,184
632,0,Lincoln,GIB,0,963.103393555,2024-08-30,2024-10-03,18
633,0,St Josephs,GIB,0,907.801635742,2024-08-30,2024-10-03,61
634,0,Escale,AND,0,901.415161133,2024-08-30,2024-10-03,3
635,0,FCB Magpies,GIB,0,896.816345215,2024-08-30,2024-10-03,156
636,0,Atletic Club Escaldes,AND,0,880.255310059,2024-08-30,2024-10-03,32
637,0,SS Virtus,SMR,0,708.203552246,2024-08-02,2024-10-03,149
638,0,Tre Penne,SMR,0,695.522399902,2024-08-02,2024-10-03,97
639,0,La Fiorita,SMR,0,690.315490723,2024-08-02,2024-10-03,45
