click_id,club_id,user_id,action,timestamp
1,97,user5,liked,2024-11-27 16:57:03
2,34,user5,liked,2024-08-13 01:56:59
3,85,user9,liked,2024-03-01 09:24:57
4,36,user6,liked,2024-02-28 08:44:10
5,65,user5,liked,2024-12-29 12:29:16
6,19,user8,liked,2024-06-12 22:11:22
7,39,user7,liked,2024-01-26 13:40:15
8,8,user5,liked,2024-08-23 00:56:01
9,17,user1,liked,2024-06-21 04:00:12
10,63,user6,liked,2024-10-30 11:46:40
11,63,user4,liked,2024-02-25 10:45:08
12,69,user7,liked,2024-03-29 15:33:10
13,1,user6,liked,2024-07-31 03:04:01
14,59,user7,liked,2024-03-26 13:23:21
15,73,user4,liked,2024-04-07 21:46:56
16,41,user8,liked,2024-09-22 01:02:11
17,64,user3,liked,2024-05-31 03:23:51
18,23,user6,liked,2024-06-02 14:40:24
19,28,user4,liked,2024-03-12 15:52:30
20,65,user6,liked,2024-12-17 04:55:47
21,48,user6,liked,2024-08-31 22:16:53
22,87,user7,liked,2024-03-05 05:48:41
23,13,user6,liked,2024-11-15 17:06:43
24,62,user7,liked,2024-05-06 13:56:34
25,89,user1,liked,2024-10-12 21:16:41
26,24,user3,liked,2024-04-01 04:30:24
27,19,user9,liked,2024-10-13 12:20:36
28,20,user1,liked,2024-05-14 05:43:27
29,56,user3,liked,2024-06-16 18:59:44
30,95,user6,liked,2024-02-07 13:45:15
31,22,user3,liked,2024-05-08 14:46:28
32,12,user1,liked,2024-05-13 14:54:09
33,1,user8,liked,2024-09-16 09:08:59
34,7,user7,liked,2024-08-25 16:16:14
35,10,user8,liked,2024-09-30 23:50:37
36,96,user8,liked,2024-03-29 06:53:17
37,36,user6,liked,2024-03-31 04:07:39
38,4,user8,liked,2024-01-31 22:11:49
39,21,user7,liked,2024-03-17 11:40:05
40,68,user7,liked,2024-06-08 10:18:05
41,71,user8,liked,2024-05-28 07:45:34
42,98,user7,liked,2024-10-24 19:19:11
43,53,user6,liked,2024-01-02 19:32:43
44,65,user6,liked,2024-06-05 16:55:12
45,97,user8,liked,2024-09-24 20:32:03
46,84,user8,liked,2024-05-13 13:49:04
47,58,user6,liked,2024-01-25 14:31:49
48,93,user9,liked,2024-08-18 09:06:40
49,41,user8,liked,2024-09-23 05:25:55
50,50,user4,liked,2024-05-31 18:18:24
51,94,user6,liked,2024-02-05 12:26:14
52,61,user9,liked,2024-05-03 02:40:16
53,51,user6,liked,2024-08-07 21:03:50
54,12,user2,liked,2024-09-16 21:17:05
55,79,user1,liked,2024-05-21 16:16:47
56,33,user3,liked,2024-08-04 23:13:18
57,74,user5,liked,2024-06-21 07:49:35
58,13,user2,liked,2024-12-20 23:09:01
59,49,user2,liked,2024-03-12 09:48:21
60,71,user9,liked,2024-03-01 07:23:34
61,79,user9,liked,2024-01-03 09:55:00
62,1,user3,liked,2024-02-14 06:06:41
63,37,user9,liked,2024-02-05 02:51:31
64,61,user7,liked,2024-12-26 03:12:20
65,1,user9,liked,2024-11-22 17:41:21
66,7,user6,liked,2024-08-01 16:01:10
67,51,user9,liked,2024-07-26 23:29:41
68,6,user4,liked,2024-12-01 17:13:54
69,58,user6,liked,2024-07-21 10:05:09
70,3,user4,liked,2024-05-17 09:29:09
71,53,user1,liked,2024-05-06 04:11:29
72,39,user6,liked,2024-07-25 01:36:46
73,78,user6,liked,2024-06-11 17:35:58
74,16,user3,liked,2024-07-22 11:11:34
75,21,user7,liked,2024-02-18 03:41:29
76,84,user6,liked,2024-11-17 11:45:50
77,88,user2,liked,2024-12-10 10:05:15
78,96,user4,liked,2024-04-13 03:18:31
79,7,user8,liked,2024-06-13 17:13:12
80,64,user2,liked,2024-03-26 15:23:21
81,13,user1,liked,2024-02-11 09:38:37
82,74,user6,liked,2024-08-27 07:26:19
83,96,user1,liked,2024-11-10 18:44:34
84,46,user4,liked,2024-06-12 10:13:17
85,65,user7,liked,2024-03-02 01:18:33
86,2,user2,liked,2024-10-11 15:47:40
87,94,user3,liked,2024-02-07 12:24:45
88,77,user6,liked,2024-11-25 14:36:11
89,31,user4,liked,2024-12-18 10:03:41
90,38,user8,liked,2024-10-29 07:09:33
91,79,user5,liked,2024-02-24 21:25:25
92,18,user6,liked,2024-06-10 23:53:00
93,95,user8,liked,2024-06-08 13:35:03
94,61,user3,liked,2024-08-19 17:54:02
95,6,user6,liked,2024-02-08 11:41:23
96,85,user1,liked,2024-11-28 14:35:57
97,33,user3,liked,2024-11-14 16:56:28
98,28,user9,liked,2024-02-24 17:59:35
99,61,user8,liked,2024-03-31 00:18:31
100,19,user5,liked,2024-02-19 22:35:49
101,77,user4,liked,2024-08-15 05:30:52
102,54,user1,liked,2024-11-22 02:42:07
103,15,user3,liked,2024-03-29 10:42:05
104,94,user4,liked,2024-11-25 07:27:00
105,84,user2,liked,2024-04-23 20:20:31
106,27,user2,liked,2024-08-03 03:27:24
107,48,user3,liked,2024-01-08 13:11:53
108,93,user1,liked,2024-07-16 17:34:17
109,43,user8,liked,2024-08-20 09:19:51
110,27,user9,liked,2024-06-22 06:15:57
111,78,user8,liked,2024-12-06 20:20:17
112,50,user4,liked,2024-06-07 22:58:46
113,39,user3,liked,2024-01-16 05:41:57
114,17,user4,liked,2024-07-05 23:45:19
115,24,user9,liked,2024-10-02 21:27:28
116,82,user2,liked,2024-08-27 06:23:40
117,85,user2,liked,2024-10-07 18:12:03
118,84,user7,liked,2024-05-25 20:21:15
119,6,user3,liked,2024-06-05 04:49:15
120,91,user6,liked,2024-01-04 23:28:16
121,69,user5,liked,2024-03-28 19:51:35
122,13,user1,liked,2024-07-06 13:49:26
123,31,user9,liked,2024-01-05 02:02:35
124,36,user3,liked,2024-02-02 16:17:13
125,80,user2,liked,2024-09-07 03:21:59
126,6,user1,liked,2024-09-17 21:39:04
127,79,user6,liked,2024-10-11 14:18:32
128,45,user7,liked,2024-12-24 07:28:30
129,69,user1,liked,2024-07-30 08:22:26
130,81,user2,liked,2024-02-25 01:08:31
131,84,user1,liked,2024-05-11 20:11:13
132,7,user6,liked,2024-12-12 05:42:37
133,36,user3,liked,2024-07-16 18:31:27
134,77,user8,liked,2024-05-21 09:47:44
135,4,user3,liked,2024-05-10 05:13:24
136,75,user1,liked,2024-06-24 17:19:23
137,32,user6,liked,2024-07-01 19:32:26
138,61,user2,liked,2024-09-30 20:05:33
139,45,user8,liked,2024-10-05 20:58:35
140,86,user8,liked,2024-10-18 06:25:26
141,68,user4,liked,2024-08-30 02:53:44
142,76,user4,liked,2024-08-29 06:22:02
143,49,user5,liked,2024-01-09 03:15:21
144,32,user8,liked,2024-05-11 02:32:12
145,10,user6,liked,2024-04-12 00:43:07
146,34,user2,liked,2024-08-04 12:34:20
147,1,user6,liked,2024-12-08 02:51:01
148,72,user2,liked,2024-01-09 14:32:25
149,45,user6,liked,2024-05-11 03:05:27
150,10,user3,liked,2024-02-07 15:42:03
151,15,user8,liked,2024-04-30 08:16:49
152,92,user6,liked,2024-02-13 11:48:53
153,93,user6,liked,2024-03-06 20:25:11
154,26,user8,liked,2024-05-17 12:09:31
155,74,user8,liked,2024-12-16 01:59:10
156,72,user7,liked,2024-05-26 04:06:13
157,36,user5,liked,2024-12-01 04:24:26
158,24,user8,liked,2024-03-17 09:11:02
159,46,user8,liked,2024-05-13 21:32:19
160,48,user8,liked,2024-12-08 13:05:21
161,61,user2,liked,2024-06-13 10:33:02
162,54,user7,liked,2024-07-04 07:52:48
163,47,user9,liked,2024-04-26 22:17:51
164,72,user6,liked,2024-01-01 16:20:26
165,4,user6,liked,2024-07-26 11:13:54
166,19,user9,liked,2024-06-02 12:02:04
167,93,user3,liked,2024-07-17 22:18:42
168,76,user9,liked,2024-09-08 21:48:45
169,50,user8,liked,2024-07-16 10:28:20
170,31,user7,liked,2024-06-26 19:05:38
171,24,user1,liked,2024-11-03 02:24:10
172,53,user5,liked,2024-06-16 17:46:10
173,42,user9,liked,2024-05-31 13:52:40
174,52,user3,liked,2024-11-09 20:21:37
175,1,user2,liked,2024-03-05 12:05:20
176,78,user6,liked,2024-11-23 18:12:04
177,10,user3,liked,2024-02-15 22:31:44
178,9,user7,liked,2024-05-09 20:08:37
179,35,user7,liked,2024-11-16 13:55:49
180,95,user8,liked,2024-08-29 08:54:49
181,91,user1,liked,2024-06-01 12:00:13
182,80,user3,liked,2024-10-07 01:20:40
183,97,user5,liked,2024-10-17 07:41:11
184,38,user3,liked,2024-09-14 19:33:37
185,67,user7,liked,2024-03-21 19:44:27
186,49,user7,liked,2024-02-23 03:08:36
187,48,user1,liked,2024-11-10 17:41:31
188,51,user9,liked,2024-09-02 08:55:54
189,67,user2,liked,2024-01-29 11:13:00
190,21,user4,liked,2024-01-23 06:28:23
191,30,user3,liked,2024-03-12 16:41:36
192,49,user5,liked,2024-07-04 23:59:17
193,26,user8,liked,2024-12-14 08:08:17
194,63,user2,liked,2024-04-04 21:09:01
195,43,user1,liked,2024-09-19 23:50:49
196,14,user2,liked,2024-03-26 21:02:35
197,65,user5,liked,2024-06-20 07:07:20
198,77,user2,liked,2024-03-26 16:36:47
199,71,user7,liked,2024-04-13 19:31:55
200,11,user7,liked,2024-06-30 10:24:03
201,16,user2,liked,2024-09-08 14:09:44
202,53,user5,liked,2024-06-21 03:49:41
203,19,user2,liked,2024-05-12 03:41:10
204,93,user9,liked,2024-06-09 11:32:18
205,86,user9,liked,2024-12-21 10:31:49
206,62,user1,liked,2024-06-23 16:01:25
207,78,user8,liked,2024-11-14 10:01:27
208,57,user9,liked,2024-07-25 12:14:02
209,99,user5,liked,2024-05-22 16:57:00
210,30,user1,liked,2024-06-05 19:41:27
211,44,user3,liked,2024-06-14 12:07:20
212,26,user6,liked,2024-12-23 22:21:08
213,77,user4,liked,2024-09-04 22:02:41
214,22,user2,liked,2024-09-05 12:06:45
215,25,user4,liked,2024-06-04 20:11:27
216,29,user1,liked,2024-06-06 11:07:27
217,15,user3,liked,2024-11-10 11:06:25
218,58,user9,liked,2024-09-07 05:51:48
219,83,user9,liked,2024-01-05 20:07:29
220,2,user3,liked,2024-08-31 07:32:34
221,37,user4,liked,2024-03-08 17:50:05
222,2,user8,liked,2024-09-05 04:25:28
223,61,user3,liked,2024-09-04 12:27:24
224,27,user2,liked,2024-03-25 16:40:11
225,36,user4,liked,2024-12-29 21:34:16
226,69,user2,liked,2024-02-05 21:22:44
227,97,user6,liked,2024-04-26 08:57:11
228,90,user7,liked,2024-12-04 22:40:46
229,26,user9,liked,2024-12-21 05:41:28
230,53,user4,liked,2024-11-03 10:47:39
231,77,user3,liked,2024-09-23 00:10:20
232,92,user3,liked,2024-09-29 13:38:56
233,9,user3,liked,2024-04-22 09:09:09
234,60,user7,liked,2024-05-17 20:18:10
235,13,user8,liked,2024-08-01 22:38:42
236,4,user4,liked,2024-09-10 08:27:37
237,36,user5,liked,2024-01-26 12:36:07
238,18,user2,liked,2024-07-28 02:52:52
239,74,user9,liked,2024-12-01 23:35:44
240,75,user1,liked,2024-06-12 13:17:57
241,8,user9,liked,2024-09-12 00:01:37
242,37,user1,liked,2024-11-26 21:01:04
243,47,user9,liked,2024-04-20 08:16:52
244,39,user5,liked,2024-04-24 17:55:57
245,69,user2,liked,2024-11-24 08:36:10
246,69,user6,liked,2024-07-02 00:44:10
247,42,user1,liked,2024-07-01 16:47:58
248,79,user6,liked,2024-02-20 10:43:17
249,60,user7,liked,2024-06-24 05:19:34
250,82,user2,liked,2024-08-25 13:17:35
251,63,user7,liked,2024-07-28 01:31:48
252,94,user3,liked,2024-04-05 07:32:46
253,80,user7,liked,2024-01-28 16:07:10
254,7,user7,liked,2024-11-01 15:53:15
255,77,user7,liked,2024-11-04 21:04:14
256,63,user8,liked,2024-12-23 18:45:52
257,97,user5,liked,2024-12-29 09:26:38
258,45,user1,liked,2024-01-04 18:10:45
259,89,user3,liked,2024-09-26 12:49:40
260,36,user4,liked,2024-04-14 07:26:08
261,97,user6,liked,2024-11-04 16:41:13
262,63,user9,liked,2024-08-11 00:53:06
263,34,user4,liked,2024-12-18 04:09:47
264,72,user6,liked,2024-04-18 09:42:13
265,14,user7,liked,2024-12-24 18:56:33
266,75,user9,liked,2024-12-06 04:24:53
267,5,user1,liked,2024-04-20 01:11:18
268,11,user7,liked,2024-02-26 02:43:34
269,72,user4,liked,2024-07-05 08:31:35
270,57,user5,liked,2024-11-28 20:02:15
271,92,user8,liked,2024-06-23 05:28:51
272,66,user7,liked,2024-07-04 05:49:02
273,66,user3,liked,2024-03-30 17:41:15
274,7,user8,liked,2024-06-15 01:48:11
275,13,user5,liked,2024-12-14 15:32:25
276,29,user5,liked,2024-07-19 16:41:37
277,60,user8,liked,2024-10-07 01:23:31
278,78,user4,liked,2024-02-02 15:57:14
279,24,user2,liked,2024-07-04 23:44:16
280,11,user2,liked,2024-05-22 23:41:22
281,53,user3,liked,2024-12-28 19:05:10
282,36,user2,liked,2024-04-21 21:06:57
283,4,user4,liked,2024-09-23 23:45:37
284,13,user8,liked,2024-09-15 19:25:53
285,94,user6,liked,2024-08-30 18:04:31
286,22,user2,liked,2024-03-07 11:31:31
287,14,user8,liked,2024-02-25 16:04:44
288,5,user9,liked,2024-04-28 08:58:14
289,80,user6,liked,2024-06-30 08:18:08
290,72,user1,liked,2024-02-28 11:25:48
291,6,user5,liked,2024-08-27 00:12:14
292,83,user9,liked,2024-03-11 13:51:20
293,64,user7,liked,2024-02-10 02:54:16
294,76,user2,liked,2024-07-08 19:05:44
295,99,user4,liked,2024-02-29 18:54:03
296,45,user2,liked,2024-03-13 21:42:36
297,85,user5,liked,2024-12-31 00:02:07
298,83,user6,liked,2024-10-03 18:05:41
299,88,user4,liked,2024-02-22 19:23:44
300,81,user1,liked,2024-12-20 03:56:59
301,91,user1,liked,2024-12-16 14:54:08
302,52,user6,liked,2024-07-17 10:04:30
303,3,user4,liked,2024-01-12 01:54:10
304,91,user2,liked,2024-05-27 05:35:46
305,57,user7,liked,2024-07-09 00:08:01
306,47,user9,liked,2024-06-20 10:58:15
307,51,user3,liked,2024-04-29 16:57:32
308,83,user6,liked,2024-09-20 20:34:32
309,16,user7,liked,2024-12-18 14:47:23
310,65,user5,liked,2024-10-06 20:07:31
311,96,user6,liked,2024-01-23 18:42:34
312,37,user8,liked,2024-04-05 23:40:46
313,60,user7,liked,2024-02-15 21:45:51
314,45,user1,liked,2024-06-04 13:06:47
315,35,user3,liked,2024-12-07 14:01:36
316,26,user8,liked,2024-06-27 04:12:08
317,2,user2,liked,2024-02-01 07:58:14
318,59,user7,liked,2024-07-27 03:12:22
319,43,user5,liked,2024-03-19 04:49:45
320,18,user5,liked,2024-08-29 22:36:04
321,37,user2,liked,2024-09-06 07:14:20
322,20,user3,liked,2024-05-29 18:40:40
323,56,user1,liked,2024-12-16 14:21:01
324,57,user8,liked,2024-10-04 18:00:34
325,46,user6,liked,2024-05-19 11:23:44
326,72,user9,liked,2024-10-22 04:50:59
327,9,user9,liked,2024-03-31 20:46:35
328,91,user4,liked,2024-12-21 06:57:15
329,2,user4,liked,2024-06-09 17:10:14
330,77,user4,liked,2024-10-09 15:13:06
331,70,user1,liked,2024-04-16 05:45:03
332,57,user1,liked,2024-05-11 14:11:48
333,24,user5,liked,2024-12-18 09:44:16
334,58,user3,liked,2024-09-03 02:01:53
335,44,user7,liked,2024-11-27 11:16:30
336,79,user1,liked,2024-02-05 08:24:07
337,31,user9,liked,2024-10-22 16:56:23
338,79,user9,liked,2024-03-19 07:32:34
339,43,user2,liked,2024-09-22 06:22:18
340,16,user4,liked,2024-04-24 08:30:20
341,84,user2,liked,2024-12-09 12:28:11
342,60,user4,liked,2024-12-24 21:07:54
343,99,user9,liked,2024-06-23 01:29:38
344,60,user5,liked,2024-10-07 07:55:55
345,64,user8,liked,2024-02-01 02:28:11
346,72,user9,liked,2024-09-27 03:02:15
347,87,user1,liked,2024-12-02 11:44:02
348,12,user8,liked,2024-11-16 04:16:30
349,21,user4,liked,2024-01-09 09:00:36
350,52,user8,liked,2024-03-15 12:04:57
351,68,user8,liked,2024-08-25 18:51:02
352,59,user1,liked,2024-01-14 04:29:09
353,8,user7,liked,2024-01-07 01:55:32
354,50,user4,liked,2024-08-21 18:59:11
355,90,user6,liked,2024-03-20 20:12:08
356,17,user7,liked,2024-04-28 13:58:39
357,86,user4,liked,2024-11-24 21:02:37
358,83,user6,liked,2024-01-16 07:13:21
359,64,user4,liked,2024-12-09 08:09:48
360,61,user9,liked,2024-09-02 05:57:01
361,64,user3,liked,2024-07-06 01:42:11
362,89,user7,liked,2024-02-16 12:35:28
363,95,user4,liked,2024-09-23 18:32:13
364,59,user2,liked,2024-09-16 17:46:37
365,3,user1,liked,2024-06-19 05:22:11
366,33,user6,liked,2024-09-22 20:16:04
367,44,user5,liked,2024-10-04 13:28:04
368,5,user2,liked,2024-03-08 09:15:50
369,20,user4,liked,2024-12-11 03:47:31
370,19,user5,liked,2024-05-01 19:33:06
371,48,user4,liked,2024-05-15 07:30:17
372,12,user3,liked,2024-12-06 12:15:39
373,4,user4,liked,2024-09-13 21:34:56
374,50,user9,liked,2024-08-07 01:31:38
375,42,user1,liked,2024-04-29 09:07:01
376,75,user2,liked,2024-04-24 23:54:24
377,35,user9,liked,2024-03-12 19:45:17
378,11,user2,liked,2024-11-05 16:35:21
379,11,user5,liked,2024-02-11 05:26:39
380,10,user5,liked,2024-04-09 06:05:51
381,16,user5,liked,2024-02-23 15:05:07
382,6,user1,liked,2024-01-15 02:59:27
383,70,user5,liked,2024-12-03 10:29:55
384,58,user6,liked,2024-10-30 06:23:58
385,73,user6,liked,2024-10-04 09:27:49
386,90,user6,liked,2024-09-08 03:11:23
387,58,user7,liked,2024-05-27 23:40:10
388,44,user1,liked,2024-03-29 10:45:34
389,48,user3,liked,2024-02-15 19:10:14
390,31,user7,liked,2024-07-23 15:27:28
391,6,user3,liked,2024-10-25 15:20:24
392,70,user1,liked,2024-08-22 01:23:55
393,91,user5,liked,2024-09-16 12:36:49
394,13,user1,liked,2024-12-30 06:33:21
395,25,user4,liked,2024-01-24 03:31:15
396,11,user2,liked,2024-06-28 01:48:06
397,51,user9,liked,2024-01-27 05:38:21
398,51,user8,liked,2024-06-03 15:51:34
399,31,user3,liked,2024-01-22 15:44:44
400,67,user5,liked,2024-12-02 05:14:21
